Isotype	Strain	Filtered From Analysis	ReadGroup	Total Reads	Mapped Reads	Duplicate Reads	Length Estimate
AB1	AB1	FALSE	BGI1-RET2-AB1	22604394	22468562	1109699	12.844
AB1	AB1	FALSE	BGI2-RET2-AB1	21823618	21691567	1038365	11.538
AB1	AB1	FALSE	BGI3-RET2b-AB1	39699940	39453587	3075825	13.051
AB1	AB1	FALSE	MMP-ML_2-AB1	4356586	4287889	32865	5.021
AB1	AB1	FALSE	MMP-ML_3-AB1	6847990	6762302	57848	5.314
AB1	AB1	FALSE	MMP-ML_5-AB1	3724306	3680232	23171	5.44
AB1	AB1	FALSE	MMP-ML_6-AB1	4482548	4417820	27209	5.268
AB1	AB1	FALSE	MMP-ML_7-AB1	8100938	7985141	56333	5.004
AB1	AB1	FALSE	Rockman-R096.2-AB1	11265679	11085424	286569	8.97
BRC20067	BRC20067	FALSE	UChicago-EA2-BRC20067	15442595	14242067	397723	9.452
BRC20067	BRC20067	FALSE	UChicago2-L008-BRC20067	20991251	19502534	548450	6.945
CB4851	ECA243	FALSE	BGI1-RET3-ECA243	19990139	19640394	637650	18.831
CB4851	ECA243	FALSE	BGI2-RET3-ECA243	22354383	21948655	796782	20.845
CB4851	ECA243	FALSE	BGI3-RET3b-ECA243	34197210	33593876	1672084	18.06
CB4851	ECA243	FALSE	Princeton1-PL_22-ECA243	13272447	13217574	913435	9.422
CB4851	ECA243	FALSE	Princeton1-PL_23-ECA243	40915029	40692976	1361227	7.329
CB4852	CB4852	FALSE	BGI1-RET1-CB4852	24092345	23973351	1621575	15.511
CB4852	CB4852	FALSE	BGI1-RET4-CB4852	54165626	53924571	3213581	8.928
CB4852	CB4852	FALSE	BGI2-RET1-CB4852	23881767	23762753	1622222	16.278
CB4852	CB4852	FALSE	BGI2-RET4-CB4852	51431154	51200708	3066431	8.937
CB4852	CB4852	FALSE	BGI3-RET1b-CB4852	41770045	41571660	3497539	13.982
CB4852	CB4852	FALSE	Princeton1-PL_10-CB4852	31130971	30985025	1172007	7.525
CB4852	CB4852	FALSE	Princeton1-PL_11-CB4852	66981967	66678739	4032939	8.081
CB4852	CB4852	FALSE	Rockman-R096.2-CB4852	11483040	11387231	302515	10.136
CB4853	ECA245	FALSE	BGI2-RET6-ECA245	13782113	13671314	365235	10.089
CB4853	ECA245	FALSE	BGI3-RET6a-ECA245	36569878	36274812	1707661	9.034
CB4853	ECA246	FALSE	BGI1-RET3-ECA246	11717851	11618596	294857	11.599
CB4853	ECA246	FALSE	BGI2-RET3-ECA246	14189144	14070087	426872	13.118
CB4853	ECA246	FALSE	BGI3-RET3a-ECA246	28354212	28112543	1571175	10.629
CB4853	ECA246	FALSE	MMP-ML_2-ECA246	3948560	3875670	33581	5.785
CB4853	ECA246	FALSE	MMP-ML_3-ECA246	6947358	6836278	73770	5.935
CB4853	ECA246	FALSE	MMP-ML_5-ECA246	3528042	3470351	22022	6.183
CB4853	ECA246	FALSE	MMP-ML_6-ECA246	4588336	4505657	27992	6.013
CB4853	ECA246	FALSE	MMP-ML_7-ECA246	8304150	8152685	60550	5.673
CB4853	ECA246	FALSE	Princeton1-PL_13-ECA246	17047954	16816377	312425	7.204
CB4853	ECA246	FALSE	Princeton1-PL_14-ECA246	37479935	36958301	1055921	6.908
CB4854	CB4854	FALSE	BGI1-RET7-CB4854	14993302	14915948	410752	11.645
CB4854	CB4854	FALSE	BGI2-RET7-CB4854	11862351	11801076	289573	11.315
CB4854	CB4854	FALSE	BGI3-RET7a-CB4854	23041368	22921170	877312	12.446
CB4854	CB4854	FALSE	MMP-ML_2-CB4854	3144900	3108738	20283	4.662
CB4854	CB4854	FALSE	MMP-ML_3-CB4854	4738813	4695768	35057	5.032
CB4854	CB4854	FALSE	MMP-ML_5-CB4854	2393222	2371943	10902	5.169
CB4854	CB4854	FALSE	MMP-ML_6-CB4854	5459238	5402748	29731	5.389
CB4854	CB4854	FALSE	MMP-ML_7-CB4854	10175454	10066863	66632	4.827
CB4855	ECA248	FALSE	BGI1-RET4-ECA248	12505250	12401155	386455	45.465
CB4855	ECA248	FALSE	BGI2-RET4-ECA248	11530746	11434054	376348	49.089
CB4855	ECA248	FALSE	BGI3-RET4b-ECA248	18807654	18647094	947445	51.391
CB4855	ECA248	FALSE	Princeton1-PL_3-ECA248	20197264	17492355	183262	26.706
CB4855	ECA248	FALSE	Princeton1-PL_4-ECA248	6418605	5669940	26534	20.766
CB4856	CB4856	FALSE	BGI1-RET1-CB4856	13269759	13075610	552035	21.932
CB4856	CB4856	FALSE	BGI2-RET1-CB4856	11283435	11116090	434894	22.418
CB4856	CB4856	FALSE	BGI3-RET1a-CB4856	42166465	41563219	2906713	17.549
CB4856	CB4856	TRUE	MMP-ML_1-CB4856	0	0	0	NA
CB4856	CB4856	FALSE	Princeton2-P-CB4856	37455456	36870931	2188534	18.665
CB4856	CB4856	FALSE	Rockman-R999.1-CB4856	44500048	38263781	947029	3.109
CB4856	CB4856	FALSE	UChicago-EA1-CB4856	13232243	12988509	375538	10.225
CB4856	CB4856	FALSE	UChicago2-L007-CB4856	10204312	9978836	220081	12.524
CB4857	ECA249	FALSE	BGI3-RET1b-ECA249	30705628	30448007	2412275	23.73
CB4857	ECA249	FALSE	UChicago-EA1-ECA249	15641260	15529986	466829	7.335
CB4857	ECA249	FALSE	UChicago2-L007-ECA249	15452224	15321572	377611	8.712
CB4857	ECA250	FALSE	BGI1-RET6-ECA250	4604595	4568028	54459	17.049
CB4857	ECA250	FALSE	BGI2-RET6-ECA250	12528090	12421510	319760	21.242
CB4857	ECA250	FALSE	BGI3-RET6b-ECA250	28489301	28251187	1220069	20.283
CB4858	AB2	FALSE	Rockman-R999.1-AB2	40418009	38054828	713947	7.957
CB4858	AB3	FALSE	MMP-ML_2-AB3	5014634	4925021	44613	14.789
CB4858	AB3	FALSE	MMP-ML_3-AB3	8195684	8070813	87470	15.943
CB4858	AB3	FALSE	MMP-ML_5-AB3	3944394	3883283	25095	19.308
CB4858	AB3	FALSE	MMP-ML_6-AB3	3606176	3545216	21346	16.375
CB4858	AB3	FALSE	MMP-ML_7-AB3	6774606	6658240	47093	15.91
CB4858	AB4	FALSE	BGI1-RET2-AB4	19438384	19280105	992272	52.692
CB4858	AB4	FALSE	BGI2-RET2-AB4	18859482	18705522	914588	48.293
CB4858	AB4	FALSE	BGI3-RET2a-AB4	31737946	31470743	2228171	56.683
CB4858	AB4	FALSE	Princeton1-PL_10-AB4	22871156	22665175	547497	17.369
CB4858	AB4	FALSE	Princeton1-PL_11-AB4	50707913	50263640	1952805	21.087
CB4858	AB4	FALSE	Princeton1-PL_12-AB4	15051861	14768051	175604	13.354
CB4858	ECA251	FALSE	BGI1-RET4-ECA251	14044703	13929007	318099	40.632
CB4858	ECA251	FALSE	BGI2-RET4-ECA251	12978156	12869147	310607	37.384
CB4858	ECA251	FALSE	BGI3-RET4b-ECA251	20799914	20626287	797114	45.383
CB4932	CB4932	FALSE	BGI1-RET7-CB4932	17295302	17216212	556848	12.548
CB4932	CB4932	FALSE	BGI2-RET7-CB4932	15800090	15727619	495212	13.858
CB4932	CB4932	FALSE	BGI3-RET7b-CB4932	26279907	26159939	1163874	14.526
CB4932	CB4932	FALSE	Princeton1-PL_13-CB4932	17021442	16923428	341316	7.284
CB4932	CB4932	FALSE	Princeton1-PL_14-CB4932	38522539	38296568	1221593	7.278
CX11254	CX11254	FALSE	BGI1-RET3-CX11254	15513816	15272191	362377	18.581
CX11254	CX11254	FALSE	BGI2-RET3-CX11254	18519446	18224782	504485	20.879
CX11254	CX11254	FALSE	BGI3-RET3b-CX11254	26654352	26235862	968789	17.851
CX11262	CX11262	FALSE	BGI2-RET6-CX11262	13407387	13247452	367098	16.328
CX11262	CX11262	FALSE	BGI3-RET6a-CX11262	36154463	35722080	1734972	13.633
CX11264	CX11264	FALSE	BGI1-RET5-CX11264	18923058	18710914	825965	51.87
CX11264	CX11264	FALSE	BGI2-RET5-CX11264	15866416	15688592	654125	58.416
CX11264	CX11264	FALSE	BGI3-RET5a-CX11264	35773967	35371761	2297555	50.271
CX11264	CX11264	FALSE	Princeton1-PL_15-CX11264	13772918	13597525	1045703	22.51
CX11264	CX11264	FALSE	Princeton1-PL_16-CX11264	59636265	58921674	10135293	23.127
CX11271	CX11271	FALSE	BGI1-RET7-CX11271	14390059	14317749	324497	21.54
CX11271	CX11271	FALSE	BGI2-RET7-CX11271	12927305	12861964	280435	24.195
CX11271	CX11271	FALSE	BGI3-RET7a-CX11271	22131145	22018812	650638	25.869
CX11271	CX11271	FALSE	Princeton1-PL_21-CX11271	34103602	33824168	12525153	15.21
CX11276	CX11276	FALSE	BGI1-RET2-CX11276	16992423	16799740	766151	15.794
CX11276	CX11276	FALSE	BGI2-RET2-CX11276	16161779	15978258	698836	14.531
CX11276	CX11276	FALSE	BGI3-RET2b-CX11276	26702811	26380168	1776202	16.806
CX11285	CX11285	FALSE	BGI1-RET2-CX11285	19440924	19226867	509302	9.673
CX11285	CX11285	FALSE	BGI2-RET2-CX11285	18392335	18188598	462086	8.927
CX11285	CX11285	FALSE	BGI3-RET2a-CX11285	70842360	70022231	5526758	10.024
CX11285	CX11285	FALSE	Princeton1-PL_10-CX11285	19123033	18893031	428893	7.033
CX11285	CX11285	FALSE	Princeton1-PL_11-CX11285	47381033	46830122	1843955	8.031
CX11292	CX11292	FALSE	BGI1-RET4-CX11292	14235102	14126820	312609	40.131
CX11292	CX11292	FALSE	BGI2-RET4-CX11292	13489020	13385598	329826	43.633
CX11292	CX11292	FALSE	BGI3-RET4b-CX11292	24317292	24129166	987244	45.942
CX11292	CX11292	FALSE	Princeton1-PL_13-CX11292	14681720	14600467	1059329	18.326
CX11292	CX11292	FALSE	Princeton1-PL_14-CX11292	34038567	33857448	3960368	21.077
CX11307	CX11307	FALSE	BGI1-RET5-CX11307	22921670	22699690	813709	8.963
CX11307	CX11307	FALSE	BGI2-RET5-CX11307	20367090	20169002	677378	9.802
CX11307	CX11307	FALSE	BGI3-RET5a-CX11307	41422296	41020113	2271090	8.75
CX11314	CX11314	FALSE	BGI1-RET3-CX11314	17431282	17257396	456536	30.384
CX11314	CX11314	FALSE	BGI2-RET3-CX11314	20079872	19878360	602748	33.788
CX11314	CX11314	FALSE	BGI3-RET3b-CX11314	32081215	31759107	1349536	29.254
CX11315	CX11315	FALSE	BGI1-RET1-CX11315	17911873	17697799	1149863	71.559
CX11315	CX11315	FALSE	BGI2-RET1-CX11315	15513339	15327356	935626	76.187
CX11315	CX11315	FALSE	BGI3-RET1b-CX11315	27917052	27590622	2039674	60.65
DL200	DL200	FALSE	BGI1-RET4-DL200	8084916	8029382	92076	8.672
DL200	DL200	FALSE	BGI2-RET4-DL200	7664662	7611788	109119	8.876
DL200	DL200	FALSE	BGI3-RET4a-DL200	27507842	27313900	1061455	8.847
DL226	DL226	FALSE	BGI1-RET2-DL226	31290890	30991826	1653279	9.876
DL226	DL226	FALSE	BGI2-RET2-DL226	29274712	28992644	1473348	8.828
DL226	DL226	FALSE	BGI3-RET2b-DL226	35499402	35149668	2312185	10.272
DL238	DL238	FALSE	BGI1-RET1-DL238	12774826	12537306	455770	75.067
DL238	DL238	FALSE	BGI2-RET1-DL238	13143736	12900522	498290	78.882
DL238	DL238	FALSE	BGI3-RET1a-DL238	37725662	37066848	2171863	56.264
DL238	DL238	FALSE	Princeton1-PL_12-DL238	15545948	15133367	253416	8.764
DL238	DL238	FALSE	Princeton1-PL_21-DL238	28166264	27720363	12438412	10.357
DL238	DL238	FALSE	Princeton2-P-DL238	48488560	47563085	2883644	58.682
ECA252	ECA252	FALSE	BGI1-RET3-ECA252	16309256	16256717	491099	21.016
ECA252	ECA252	FALSE	BGI2-RET3-ECA252	19004437	18941630	643629	22.252
ECA252	ECA252	FALSE	BGI3-RET3b-ECA252	29595680	29500880	1396668	19.706
ECA36	ECA36	FALSE	UChicago-EA1-ECA36	15760894	15476881	537709	27.526
ECA36	ECA36	FALSE	UChicago2-L007-ECA36	15331447	14995858	455671	34.62
ED3005	ED3005	FALSE	BGI1-RET5-ED3005	20529714	20326743	669342	9.104
ED3005	ED3005	FALSE	BGI2-RET5-ED3005	18532145	18348954	569295	9.948
ED3005	ED3005	FALSE	BGI3-RET5a-ED3005	39606727	39211848	2102132	8.827
ED3005	ED3021	FALSE	MMP-ML_2-ED3021	3905920	3839347	26363	5.969
ED3005	ED3021	FALSE	MMP-ML_3-ED3021	6818444	6719753	55475	6.164
ED3005	ED3021	FALSE	MMP-ML_5-ED3021	3781446	3727205	22376	6.952
ED3005	ED3021	FALSE	MMP-ML_6-ED3021	4739136	4663710	26591	6.343
ED3005	ED3021	FALSE	MMP-ML_7-ED3021	8385428	8248929	53705	6.294
ED3011	ED3011	FALSE	BGI1-RET3-ED3011	14502009	14330935	408353	51.452
ED3011	ED3011	FALSE	BGI2-RET3-ED3011	16807486	16606395	548468	58.897
ED3011	ED3011	FALSE	BGI3-RET3a-ED3011	27219186	26901546	1236302	44.066
ED3012	ED3012	FALSE	BGI1-RET6-ED3012	2755425	2744916	35737	26.079
ED3012	ED3012	FALSE	BGI2-RET6-ED3012	9918129	9878769	332023	35.045
ED3012	ED3012	FALSE	BGI3-RET6a-ED3012	24677847	24578352	1195894	29.726
ED3012	ED3012	FALSE	Princeton1-PL_17-ED3012	36321357	36161987	12283112	12.551
ED3017	ED3017	FALSE	BGI1-RET2-ED3017	12032760	11946352	443723	23.748
ED3017	ED3017	FALSE	BGI2-RET2-ED3017	11154134	11073302	386022	22.21
ED3017	ED3017	FALSE	BGI3-RET2a-ED3017	20298112	20143972	1241600	23.957
ED3017	ED3017	FALSE	MMP-ML_2-ED3017	4313312	4258445	30479	5.202
ED3017	ED3017	FALSE	MMP-ML_3-ED3017	6496608	6429463	49517	5.495
ED3017	ED3017	FALSE	MMP-ML_5-ED3017	3663320	3626056	23108	5.765
ED3017	ED3017	FALSE	MMP-ML_6-ED3017	4968426	4910588	32104	5.376
ED3017	ED3017	FALSE	MMP-ML_7-ED3017	8993958	8885759	66673	5.389
ED3017	ED3017	FALSE	Princeton1-PL_23-ED3017	87561166	86060336	40612283	6.487
ED3017	ED3017	FALSE	UChicago2-L007-ED3017	15111837	14988297	409499	10.226
ED3040	ED3040	FALSE	BGI1-RET7-ED3040	18590072	18490902	458728	9.599
ED3040	ED3040	FALSE	BGI2-RET7-ED3040	16945251	16854492	397986	10.37
ED3040	ED3040	FALSE	BGI3-RET7a-ED3040	29187977	29031117	1045460	10.619
ED3040	ED3040	FALSE	MMP-ML_2-ED3040	4863482	4810524	42907	6.729
ED3040	ED3040	FALSE	MMP-ML_3-ED3040	8261484	8189264	86901	6.734
ED3040	ED3040	FALSE	MMP-ML_5-ED3040	3802920	3768971	23668	7.597
ED3040	ED3040	FALSE	MMP-ML_6-ED3040	4023376	3983373	24314	7.133
ED3040	ED3040	FALSE	MMP-ML_7-ED3040	7552504	7473943	51884	6.999
ED3040	ED3040	FALSE	Princeton1-PL_10-ED3040	21264882	21099982	414331	8.281
ED3040	ED3040	FALSE	Princeton1-PL_11-ED3040	46228280	45829329	1454248	8.836
ED3046	ED3046	FALSE	BGI1-RET2-ED3046	18893258	18710125	542308	17.224
ED3046	ED3046	FALSE	BGI2-RET2-ED3046	18123445	17947053	498038	16.092
ED3046	ED3046	FALSE	BGI3-RET2b-ED3046	28481469	28197096	1219954	18.787
ED3046	ED3046	FALSE	Princeton1-PL_13-ED3046	18428863	18238408	1413943	8.234
ED3046	ED3046	FALSE	Princeton1-PL_14-ED3046	42185486	41767737	5150078	8.246
ED3048	ED3042	FALSE	MMP-ML_2-ED3042	3935596	3887362	29062	6.414
ED3048	ED3042	FALSE	MMP-ML_3-ED3042	6439850	6377848	56099	6.633
ED3048	ED3042	FALSE	MMP-ML_5-ED3042	3471666	3437087	18311	7.719
ED3048	ED3042	FALSE	MMP-ML_6-ED3042	4712472	4658482	23557	6.608
ED3048	ED3042	FALSE	MMP-ML_7-ED3042	8571558	8471949	50732	6.393
ED3048	ED3048	FALSE	BGI1-RET4-ED3048	14453293	14380769	246926	14.3
ED3048	ED3048	FALSE	BGI2-RET4-ED3048	13281391	13213561	250346	13.944
ED3048	ED3048	FALSE	BGI3-RET4a-ED3048	37433552	37242810	1642443	14.255
ED3049	ED3049	FALSE	BGI1-RET1-ED3049	16776132	16066740	1018117	42.021
ED3049	ED3049	FALSE	BGI2-RET1-ED3049	15765806	15110041	934338	44.219
ED3049	ED3049	FALSE	BGI3-RET1b-ED3049	27828798	26745681	2110439	37.215
ED3049	ED3049	FALSE	MMP-ML_2-ED3049	4285784	4213565	31941	5.665
ED3049	ED3049	FALSE	MMP-ML_3-ED3049	7354118	7251342	66390	5.776
ED3049	ED3049	FALSE	MMP-ML_5-ED3049	3574992	3525463	20901	6.188
ED3049	ED3049	FALSE	MMP-ML_6-ED3049	4202292	4136863	24423	5.717
ED3049	ED3049	FALSE	MMP-ML_7-ED3049	7849990	7726741	54566	5.906
ED3049	ED3049	FALSE	Princeton1-PL_15-ED3049	13218338	12877700	210458	8.166
ED3049	ED3049	FALSE	Princeton1-PL_16-ED3049	52238303	48264208	1712265	6.902
ED3052	ED3052	FALSE	BGI1-RET5-ED3052	16802083	16667981	590455	6.236
ED3052	ED3052	FALSE	BGI2-RET5-ED3052	14764214	14645623	476580	6.736
ED3052	ED3052	FALSE	BGI3-RET5b-ED3052	36441790	36149640	1949886	5.864
ED3052	ED3052	FALSE	MMP-ML_2-ED3052	4130554	4076287	32298	5.111
ED3052	ED3052	FALSE	MMP-ML_3-ED3052	6637559	6563636	62344	5.124
ED3052	ED3052	FALSE	MMP-ML_5-ED3052	3372414	3334752	18843	5.571
ED3052	ED3052	FALSE	MMP-ML_6-ED3052	4346660	4293125	23943	5.124
ED3052	ED3052	FALSE	MMP-ML_7-ED3052	8172688	8068571	55111	5.178
ED3073	ED3057	FALSE	MMP-ML_2-ED3057	3226346	3175006	21448	4.744
ED3073	ED3057	FALSE	MMP-ML_3-ED3057	5558481	5484732	42854	5.134
ED3073	ED3057	FALSE	MMP-ML_5-ED3057	2968230	2928766	15239	5.85
ED3073	ED3057	FALSE	MMP-ML_6-ED3057	5583802	5499282	30272	5.179
ED3073	ED3057	FALSE	MMP-ML_7-ED3057	9986082	9832953	62031	4.973
ED3073	ED3072	FALSE	MMP-ML_2-ED3072	5918273	5843347	47675	5.267
ED3073	ED3072	FALSE	MMP-ML_3-ED3072	9324892	9231151	85470	5.399
ED3073	ED3072	FALSE	MMP-ML_5-ED3072	4658326	4611723	28040	5.955
ED3073	ED3072	FALSE	MMP-ML_6-ED3072	3505352	3464661	19476	5.42
ED3073	ED3072	FALSE	MMP-ML_7-ED3072	6500442	6423341	39875	5.302
ED3073	ED3073	FALSE	BGI1-RET4-ED3073	15543667	15437621	283035	12.014
ED3073	ED3073	FALSE	BGI2-RET4-ED3073	14190835	14093181	285982	12.341
ED3073	ED3073	FALSE	BGI3-RET4a-ED3073	41712462	41422063	1981555	12.007
ED3073	ED3073	FALSE	Princeton1-PL_17-ED3073	29955170	29741725	5830191	7.138
ED3077	ED3077	FALSE	BGI1-RET7-ED3077	18612488	18481163	536041	8.949
ED3077	ED3077	FALSE	BGI2-RET7-ED3077	16915874	16795591	465828	9.864
ED3077	ED3077	FALSE	BGI3-RET7a-ED3077	29881726	29666990	1165397	10.112
ED3077	ED3077	FALSE	Princeton1-PL_23-ED3077	42779174	42394405	1318192	8.105
EG4347	EG4347	FALSE	BGI1-RET3-EG4347	14250130	14194356	350992	23.527
EG4347	EG4347	FALSE	BGI2-RET3-EG4347	15930044	15866956	442990	24.665
EG4347	EG4347	FALSE	BGI3-RET3a-EG4347	25483339	25384650	1032487	19.757
EG4347	EG4347	FALSE	Rockman-R096.4-EG4347	9294563	9220881	56520	5.819
EG4349	EG4348	FALSE	Rockman-R096.2-EG4348	8145284	8034581	116294	5.88
EG4349	EG4349	FALSE	BGI2-RET6-EG4349	12648632	12521336	378240	7.92
EG4349	EG4349	FALSE	BGI3-RET6a-EG4349	33809857	33465326	1720367	7.004
EG4724	EG4724	FALSE	BGI1-RET5-EG4724	12541066	12423689	374576	27.431
EG4724	EG4724	FALSE	BGI2-RET5-EG4724	10265916	10169264	274042	25.776
EG4724	EG4724	FALSE	BGI3-RET5a-EG4724	25505516	25269262	1228857	27.305
EG4724	EG4724	FALSE	Princeton1-PL_17-EG4724	26906245	26605728	7526116	8.198
EG4724	EG4724	FALSE	Princeton1-PL_20-EG4724	1490091	1474115	12371	12.309
EG4724	EG4724	FALSE	Princeton1-PL_24-EG4724	36119486	35719731	5815041	14.564
EG4725	EG4725	FALSE	BGI1-RET2-EG4725	5793667	5726535	125085	27.837
EG4725	EG4725	FALSE	BGI2-RET2-EG4725	5595486	5530073	116304	26.721
EG4725	EG4725	FALSE	BGI3-RET2a-EG4725	9533373	9419282	322012	29.749
EG4725	EG4725	FALSE	Princeton1-PL_20-EG4725	5799289	5714702	467373	6.856
EG4725	EG4725	FALSE	UChicago-EA1-EG4725	12004034	11881666	315691	10.289
EG4725	EG4725	FALSE	UChicago2-L007-EG4725	11000637	10862946	233307	14.395
EG4946	EG4946	FALSE	BGI1-RET7-EG4946	12703695	12154639	344523	16.195
EG4946	EG4946	FALSE	BGI2-RET7-EG4946	11429071	10915138	294539	17.907
EG4946	EG4946	FALSE	BGI3-RET7a-EG4946	20861684	19966971	819786	18.993
EG4946	EG4946	FALSE	Princeton1-PL_10-EG4946	19534891	19357852	340889	7.617
EG4946	EG4946	FALSE	Princeton1-PL_11-EG4946	43823160	43423464	1281434	8.655
GXW1	GXW1	FALSE	BGI1-RET6-GXW1	4857723	4823343	40131	8.188
GXW1	GXW1	FALSE	BGI2-RET6-GXW1	14305787	14198370	287401	8.821
GXW1	GXW1	FALSE	BGI3-RET6b-GXW1	27159258	26958451	868110	8.81
GXW1	GXW1	FALSE	MMP-ML_2-GXW1	5184780	5115863	41918	5.034
GXW1	GXW1	FALSE	MMP-ML_3-GXW1	8969944	8871585	86406	5.123
GXW1	GXW1	FALSE	MMP-ML_5-GXW1	4028520	3984848	23430	5.833
GXW1	GXW1	FALSE	MMP-ML_6-GXW1	3991218	3942120	22246	5.197
GXW1	GXW1	FALSE	MMP-ML_7-GXW1	7615104	7518698	48118	4.922
GXW1	GXW1	FALSE	Princeton1-PL_3-GXW1	18812407	18433059	133568	6.475
GXW1	GXW1	FALSE	Princeton1-PL_4-GXW1	5514032	5446186	17372	5.682
JT11398	JT11398	FALSE	BGI1-RET2-JT11398	11347488	11297687	377903	43.906
JT11398	JT11398	FALSE	BGI2-RET2-JT11398	11375359	11325424	376381	40.896
JT11398	JT11398	FALSE	BGI3-RET2a-JT11398	8721085	8680047	311321	45.666
JT11398	JT11398	FALSE	UChicago-EA2-JT11398	16450635	16369503	468366	37.583
JT11398	JT11398	FALSE	UChicago2-L008-JT11398	20113068	20012485	535736	32.53
JU1088	JU1088	FALSE	BGI1-RET3-JU1088	15302333	15132556	429661	19.196
JU1088	JU1088	FALSE	BGI2-RET3-JU1088	18025955	17823639	579961	21.043
JU1088	JU1088	FALSE	BGI3-RET3b-JU1088	27302101	26997099	1191943	17.971
JU1088	JU1088	FALSE	MMP-ML_2-JU1088	4166560	4095322	31670	5.489
JU1088	JU1088	FALSE	MMP-ML_3-JU1088	6447462	6356729	55786	5.508
JU1088	JU1088	FALSE	MMP-ML_5-JU1088	3475230	3425905	21527	6.068
JU1088	JU1088	FALSE	MMP-ML_6-JU1088	5168816	5085685	33408	5.562
JU1088	JU1088	FALSE	MMP-ML_7-JU1088	9404152	9251943	72178	5.32
JU1088	JU1088	FALSE	Rockman-R096.4-JU1088	7943623	7835783	50100	6.113
JU1172	JU1172	FALSE	BGI1-RET4-JU1172	13667909	13564894	294142	20.068
JU1172	JU1172	FALSE	BGI2-RET4-JU1172	11922260	11831611	271740	20.83
JU1172	JU1172	FALSE	BGI3-RET4b-JU1172	26794367	26587900	1109322	22.215
JU1200	JU1200	FALSE	BGI1-RET2-JU1200	14446536	14419915	522822	16.478
JU1200	JU1200	FALSE	BGI2-RET2-JU1200	14123968	14097989	495502	15.626
JU1200	JU1200	FALSE	BGI3-RET2a-JU1200	26179410	26129315	1467318	17.426
JU1200	JU1200	FALSE	Princeton1-PL_17-JU1200	30547335	30465590	4175492	6.302
JU1200	JU1200	FALSE	Princeton1-PL_21-JU1200	20877928	20819769	482380	5.803
JU1200	JU1200	FALSE	Princeton1-PL_24-JU1200	48669055	48527622	2172625	6.926
JU1212	JU1212	FALSE	BGI1-RET6-JU1212	4523110	4493411	43983	11.163
JU1212	JU1212	FALSE	BGI2-RET6-JU1212	11961248	11879454	239036	13.182
JU1212	JU1212	FALSE	BGI3-RET6a-JU1212	32223241	32004732	1282347	12.13
JU1213	JU1213	FALSE	BGI1-RET5-JU1213	11244501	11148232	301848	12.256
JU1213	JU1213	FALSE	BGI2-RET5-JU1213	10061320	9975101	253766	13.134
JU1213	JU1213	FALSE	BGI3-RET5a-JU1213	20243183	20070911	821783	12.638
JU1213	JU533	FALSE	MMP-ML_2-JU533	4121100	4048536	38255	4.577
JU1213	JU533	FALSE	MMP-ML_3-JU533	6955962	6855604	78478	4.889
JU1213	JU533	FALSE	MMP-ML_5-JU533	3199236	3153850	19973	4.952
JU1213	JU533	FALSE	MMP-ML_6-JU533	4441856	4369032	28986	4.694
JU1213	JU533	FALSE	MMP-ML_7-JU533	8331542	8194587	65023	4.735
JU1242	JU1242	FALSE	BGI1-RET4-JU1242	19291082	19149976	766822	8.729
JU1242	JU1242	FALSE	BGI2-RET4-JU1242	17741623	17610498	722435	8.993
JU1242	JU1242	FALSE	BGI3-RET4b-JU1242	34064190	33812008	2317792	9.477
JU1246	JU1246	FALSE	BGI1-RET3-JU1246	17644458	17515900	512138	10.082
JU1246	JU1246	FALSE	BGI2-RET3-JU1246	17885133	17753984	530741	10.628
JU1246	JU1246	FALSE	BGI3-RET3b-JU1246	28275097	28068845	1189127	9.73
JU1395	JU1395	FALSE	BGI2-RET6-JU1395	7229644	7196984	187701	12.255
JU1395	JU1395	FALSE	BGI3-RET6a-JU1395	17589336	17509179	731870	10.401
JU1400	JU1400	FALSE	BGI1-RET4-JU1400	18217278	17118546	445264	6.126
JU1400	JU1400	FALSE	BGI2-RET4-JU1400	16895335	15875737	436471	6.162
JU1400	JU1400	FALSE	BGI3-RET4a-JU1400	44300867	41439115	2344167	6.297
JU1400	JU1400	FALSE	MMP-ML_2-JU1400	4424936	4339008	36453	4.41
JU1400	JU1400	FALSE	MMP-ML_3-JU1400	7059718	6942474	66958	4.493
JU1400	JU1400	FALSE	MMP-ML_5-JU1400	3519934	3462826	22434	4.972
JU1400	JU1400	FALSE	MMP-ML_6-JU1400	4723724	4637334	31500	4.822
JU1400	JU1400	FALSE	MMP-ML_7-JU1400	8819620	8656143	69585	4.506
JU1400	JU1400	FALSE	Princeton1-PL_9-JU1400	21429820	20968190	1260986	5.391
JU1409	JU1401	FALSE	MMP-ML_2-JU1401	4784521	4714040	34981	5.226
JU1409	JU1401	FALSE	MMP-ML_3-JU1401	7302282	7216693	59341	5.695
JU1409	JU1401	FALSE	MMP-ML_5-JU1401	3769272	3725935	21947	6.317
JU1409	JU1401	FALSE	MMP-ML_6-JU1401	4166148	4109395	23939	5.518
JU1409	JU1401	FALSE	MMP-ML_7-JU1401	7763688	7657417	50177	5.402
JU1409	JU1409	FALSE	BGI1-RET5-JU1409	17096248	17005256	429043	13.696
JU1409	JU1409	FALSE	BGI2-RET5-JU1409	14549324	14472003	330055	15.327
JU1409	JU1409	FALSE	BGI3-RET5a-JU1409	30838205	30674104	1276755	13.893
JU1409	JU1409	FALSE	Princeton1-PL_2-JU1409	23647159	23501014	391805	10.37
JU1409	JU1409	FALSE	Princeton1-PL_22-JU1409	7167797	7122500	71780	7.128
JU1440	JU1440	FALSE	BGI2-RET6-JU1440	5741975	5706372	109964	10.607
JU1440	JU1440	FALSE	BGI3-RET6a-JU1440	14101398	14013502	421740	8.823
JU1440	JU1440	FALSE	UChicago-EA1-JU1440	18598069	18490470	695086	7.446
JU1440	JU1440	FALSE	UChicago2-L007-JU1440	18159746	18037848	513285	7.804
JU1491	JU1491	FALSE	BGI1-RET3-JU1491	13916047	13813561	321676	10.349
JU1491	JU1491	FALSE	BGI2-RET3-JU1491	16378919	16257758	436570	10.751
JU1491	JU1491	FALSE	BGI3-RET3a-JU1491	30419449	30191396	1340783	9.136
JU1491	JU1491	FALSE	Princeton1-PL_13-JU1491	16133879	15997918	1289593	7.541
JU1491	JU1491	FALSE	Princeton1-PL_14-JU1491	44275040	43918389	6445866	8.54
JU1530	JU1530	FALSE	BGI1-RET7-JU1530	10919729	10851732	231062	15.35
JU1530	JU1530	FALSE	BGI2-RET7-JU1530	9783873	9722379	200060	17.381
JU1530	JU1530	FALSE	BGI3-RET7b-JU1530	16016245	15915658	462629	17.582
JU1530	JU1530	FALSE	Princeton1-PL_15-JU1530	10208937	10135468	212916	9.688
JU1530	JU1530	FALSE	Princeton1-PL_16-JU1530	48682497	48333130	2386542	7.42
JU1568	JU1568	FALSE	BGI1-RET5-JU1568	20816481	20771681	605904	12.583
JU1568	JU1568	FALSE	BGI2-RET5-JU1568	18668750	18628334	510795	13.23
JU1568	JU1568	FALSE	BGI3-RET5a-JU1568	37911521	37829559	1819054	12.123
JU1580	JU1580	FALSE	BGI1-RET1-JU1580	23606145	23302813	1594734	15.388
JU1580	JU1580	FALSE	BGI2-RET1-JU1580	24050883	23735016	1659934	16.131
JU1580	JU1580	FALSE	BGI3-RET1b-JU1580	45414521	44847495	4123910	13.663
JU1580	JU1580	FALSE	Princeton1-PL_10-JU1580	20748501	20503603	388711	7.038
JU1580	JU1580	FALSE	Princeton1-PL_11-JU1580	44479333	43974135	1291574	7.025
JU1581	JU1516	FALSE	BGI1-RET4-JU1516	9137620	9051236	244935	7.046
JU1581	JU1516	FALSE	BGI2-RET4-JU1516	8148777	8071305	227777	6.964
JU1581	JU1516	FALSE	BGI3-RET4b-JU1516	20133615	19937264	1067032	7.226
JU1581	JU1516	FALSE	Princeton1-PL_5-JU1516	14269768	6648427	157271	4.547
JU1581	JU1516	FALSE	Princeton1-PL_6-JU1516	3300879	1580914	10518	4.38
JU1581	JU1581	FALSE	BGI1-RET6-JU1581	4521293	4485973	65391	13.101
JU1581	JU1581	FALSE	BGI2-RET6-JU1581	13609874	13497479	397519	14.049
JU1581	JU1581	FALSE	BGI3-RET6b-JU1581	27368118	27147122	1243369	13.81
JU1581	JU1581	FALSE	Princeton1-PL_13-JU1581	23224603	23038101	1125873	7.01
JU1581	JU1581	FALSE	Princeton1-PL_14-JU1581	49795542	49413315	3703880	6.747
JU1586	JU1586	FALSE	BGI1-RET3-JU1586	15041699	14984558	366501	16.092
JU1586	JU1586	FALSE	BGI2-RET3-JU1586	16701282	16637147	452061	17.538
JU1586	JU1586	FALSE	BGI3-RET3a-JU1586	29717024	29606200	1374696	14.054
JU1586	JU1586	FALSE	Princeton1-PL_15-JU1586	10120328	10094495	113853	9.004
JU1586	JU1586	FALSE	Princeton1-PL_16-JU1586	48985331	48863651	1321442	6.614
JU1652	JU1652	FALSE	BGI1-RET7-JU1652	11354739	11248045	315580	17.116
JU1652	JU1652	FALSE	BGI2-RET7-JU1652	10066073	9970398	265596	18.842
JU1652	JU1652	FALSE	BGI3-RET7b-JU1652	19097616	18910402	800647	19.092
JU1652	JU1652	FALSE	MMP-ML_2-JU1652	4792572	4721114	37840	4.765
JU1652	JU1652	FALSE	MMP-ML_3-JU1652	8429908	8326319	81315	5.127
JU1652	JU1652	FALSE	MMP-ML_5-JU1652	3778268	3732409	22581	5.433
JU1652	JU1652	FALSE	MMP-ML_6-JU1652	3676646	3625524	21035	5.024
JU1652	JU1652	FALSE	MMP-ML_7-JU1652	6958202	6860261	45094	5.087
JU1896	JU1896	FALSE	BGI1-RET4-JU1896	12843467	12768044	227801	14.434
JU1896	JU1896	FALSE	BGI2-RET4-JU1896	12019670	11948477	241892	14.956
JU1896	JU1896	FALSE	BGI3-RET4a-JU1896	35281288	35070937	1570268	14.756
JU1896	JU1896	FALSE	Princeton1-PL_12-JU1896	18339693	17953288	217715	6.266
JU2001	JU2001	FALSE	BGI2-RET6-JU2001	11817537	11677592	313637	13.233
JU2001	JU2001	FALSE	BGI3-RET6b-JU2001	23154912	22882064	932480	12.293
JU2001	JU2001	FALSE	Princeton1-PL_3-JU2001	14883853	14494510	126282	6.266
JU2001	JU2001	FALSE	Princeton1-PL_4-JU2001	4397581	4328880	16915	5.551
JU2007	JU2007	FALSE	BGI1-RET3-JU2007	13940554	13844874	352495	5.136
JU2007	JU2007	FALSE	BGI2-RET3-JU2007	16840674	16723283	505541	5.582
JU2007	JU2007	FALSE	BGI3-RET3b-JU2007	27726152	27533082	1257058	5.269
JU2007	JU2007	FALSE	Princeton1-PL_5-JU2007	35269886	34499338	491476	6.409
JU2007	JU2007	FALSE	Princeton1-PL_6-JU2007	7616481	7507285	33028	5.269
JU2316	JU2316	FALSE	UChicago-EA1-JU2316	13836124	12072603	388182	4.383
JU2316	JU2316	FALSE	UChicago2-L007-JU2316	12589551	10903031	285068	5.902
JU2464	JU2464	FALSE	UChicago-EA1-JU2464	10625077	10529161	309164	16.813
JU2464	JU2464	FALSE	UChicago2-L007-JU2464	24464454	24221650	842237	12.587
JU2464	JU2467	FALSE	UChicago-EA2-JU2467	13027696	12925263	327198	9.096
JU2464	JU2467	FALSE	UChicago2-L008-JU2467	25358819	25139614	775448	7.163
JU2464	JU2468	FALSE	UChicago-EA2-JU2468	14559146	14433105	398932	9.552
JU2464	JU2468	FALSE	UChicago2-L008-JU2468	21986057	21781230	643151	6.814
JU2466	JU2466	FALSE	UChicago-EA1-JU2466	16113688	15943118	523352	9.914
JU2466	JU2466	FALSE	UChicago2-L007-JU2466	12008281	11900902	239354	6.67
JU2513	JU2513	FALSE	UChicago-EA2-JU2513	16439384	16076092	450404	8.724
JU2513	JU2513	FALSE	UChicago2-L008-JU2513	23606557	23095448	705191	6.753
JU2519	JU2519	FALSE	UChicago-EA2-JU2519	11451352	9711158	311217	9.822
JU2519	JU2519	FALSE	UChicago2-L008-JU2519	17375018	14992409	531867	7.122
JU2522	JU2522	FALSE	UChicago-EA2-JU2522	16903672	15681084	476015	11.584
JU2522	JU2522	FALSE	UChicago2-L008-JU2522	25276503	23634528	763148	8.048
JU2526	JU2526	FALSE	UChicago-EA2-JU2526	15122165	13463342	453659	6.486
JU2526	JU2526	FALSE	UChicago2-L008-JU2526	22003322	19851049	752760	5.164
JU258	JU258	FALSE	BGI1-RET1-JU258	12144930	11960279	337713	32.926
JU258	JU258	FALSE	BGI2-RET1-JU258	11458087	11282614	318938	34.66
JU258	JU258	FALSE	BGI3-RET1a-JU258	50077987	49353757	3123141	24.816
JU258	JU258	FALSE	MMP-ML_2-JU258	4441356	4337081	42338	4.517
JU258	JU258	FALSE	MMP-ML_3-JU258	7155524	7005581	79091	4.757
JU258	JU258	FALSE	MMP-ML_5-JU258	3423618	3350441	22781	5.047
JU258	JU258	FALSE	MMP-ML_6-JU258	4398248	4297051	29581	4.754
JU258	JU258	FALSE	MMP-ML_7-JU258	8217620	8027856	68651	4.517
JU258	JU258	FALSE	Princeton2-P-JU258	43534573	42839300	2170420	26.221
JU310	JU263	FALSE	MMP-ML_2-JU263	4801722	4736397	38822	5.093
JU310	JU263	FALSE	MMP-ML_3-JU263	7954052	7859860	73934	4.911
JU310	JU263	FALSE	MMP-ML_5-JU263	3724208	3678349	21757	5.344
JU310	JU263	FALSE	MMP-ML_6-JU263	3993996	3942613	22346	5.014
JU310	JU263	FALSE	MMP-ML_7-JU263	7539319	7437640	47405	4.776
JU310	JU300	FALSE	MMP-ML_2-JU300	4330838	4267618	35108	4.818
JU310	JU300	FALSE	MMP-ML_3-JU300	6645486	6566716	61720	4.946
JU310	JU300	FALSE	MMP-ML_5-JU300	3382492	3343308	19540	5.17
JU310	JU300	FALSE	MMP-ML_6-JU300	4815390	4749396	29078	4.616
JU310	JU300	FALSE	MMP-ML_7-JU300	8954748	8832736	63652	4.729
JU310	JU310	FALSE	BGI1-RET4-JU310	18509442	18402741	392899	6.523
JU310	JU310	FALSE	BGI2-RET4-JU310	15888487	15796016	340856	6.011
JU310	JU310	FALSE	BGI3-RET4b-JU310	24573351	24429903	840879	6.98
JU310	JU310	FALSE	Princeton1-PL_17-JU310	19301575	19160761	11350805	6.488
JU310	JU310	FALSE	Princeton1-PL_20-JU310	4711037	4679850	326228	5.389
JU310	JU310	FALSE	Princeton1-PL_24-JU310	41270010	40988357	15137382	6.647
JU311	JU311	FALSE	BGI1-RET5-JU311	14070829	13998455	302799	8.076
JU311	JU311	FALSE	BGI2-RET5-JU311	12633176	12567626	254614	8.818
JU311	JU311	FALSE	BGI3-RET5b-JU311	23422245	23300028	737418	7.602
JU311	JU312	FALSE	MMP-ML_2-JU312	4061246	4005932	30667	5.095
JU311	JU312	FALSE	MMP-ML_3-JU312	6012650	5947652	49015	5.434
JU311	JU312	FALSE	MMP-ML_5-JU312	3369004	3333191	20912	5.78
JU311	JU312	FALSE	MMP-ML_6-JU312	5308382	5240445	34883	5.35
JU311	JU312	FALSE	MMP-ML_7-JU312	9644934	9522547	73217	5.307
JU311	JU315	FALSE	BGI1-RET3-JU315	19766536	19658517	466025	7.778
JU311	JU315	FALSE	BGI2-RET3-JU315	22741643	22614360	610447	8.576
JU311	JU315	FALSE	BGI3-RET3b-JU315	35933186	35735328	1434695	7.489
JU311	JU315	FALSE	Princeton1-PL_3-JU315	21950285	21550371	166776	7.874
JU311	JU315	FALSE	Princeton1-PL_4-JU315	6030463	5972849	19964	6.949
JU311	JU319	TRUE	Rockman-R083.8-JU319	0	0	0	NA
JU323	JU322	FALSE	MMP-ML_2-JU322	4740292	4659846	43450	5.358
JU323	JU322	FALSE	MMP-ML_3-JU322	8253321	8140999	91490	5.568
JU323	JU322	FALSE	MMP-ML_5-JU322	3716048	3666210	25650	6.213
JU323	JU322	FALSE	MMP-ML_6-JU322	4027066	3962645	27477	5.496
JU323	JU322	FALSE	MMP-ML_7-JU322	7625868	7504905	62105	5.495
JU323	JU323	FALSE	BGI1-RET7-JU323	18952087	18825905	496802	6.957
JU323	JU323	FALSE	BGI2-RET7-JU323	17236782	17121445	428370	7.317
JU323	JU323	FALSE	BGI3-RET7a-JU323	32875845	32653369	1294016	7.684
JU346	JU346	FALSE	BGI1-RET2-JU346	16936042	16593902	826555	21.488
JU346	JU346	FALSE	BGI2-RET2-JU346	16565703	16229077	787302	19.475
JU346	JU346	FALSE	BGI3-RET2b-JU346	26184238	25615339	1818415	22.399
JU346	JU346	FALSE	Princeton1-PL_9-JU346	17214969	16925498	215725	5.55
JU360	JU360	FALSE	BGI1-RET1-JU360	19459481	19212211	1545389	21.404
JU360	JU360	FALSE	BGI2-RET1-JU360	17246697	17027608	1281732	21.217
JU360	JU360	FALSE	BGI3-RET1b-JU360	32934572	32526844	3209474	19.639
JU360	JU360	FALSE	MMP-ML_2-JU360	3911298	3804848	32594	4.039
JU360	JU360	FALSE	MMP-ML_3-JU360	6175352	6021943	60642	4.314
JU360	JU360	FALSE	MMP-ML_5-JU360	3227876	3140608	20048	4.632
JU360	JU360	FALSE	MMP-ML_6-JU360	5021952	4877341	34282	4.177
JU360	JU360	FALSE	MMP-ML_7-JU360	9172682	8909378	75856	4.265
JU360	JU360	FALSE	Princeton1-PL_12-JU360	12399388	12088371	369180	5.74
JU360	JU363	FALSE	BGI1-RET2-JU363	11235323	11024471	664053	34.583
JU360	JU363	FALSE	BGI2-RET2-JU363	10452889	10259170	579997	28.959
JU360	JU363	FALSE	BGI3-RET2b-JU363	14239378	13946769	1211687	31.296
JU360	JU363	FALSE	UChicago-EA2-JU363	17835948	17382094	666568	7.29
JU360	JU363	FALSE	UChicago2-L008-JU363	23304088	22729960	835514	4.897
JU367	JU361	FALSE	MMP-ML_2-JU361	3864156	3819093	28945	4.782
JU367	JU361	FALSE	MMP-ML_3-JU361	6766160	6707961	62396	4.894
JU367	JU361	FALSE	MMP-ML_5-JU361	3273450	3245532	18334	5.529
JU367	JU361	FALSE	MMP-ML_6-JU361	4588898	4539772	25767	4.739
JU367	JU361	FALSE	MMP-ML_7-JU361	8642708	8549726	59355	4.581
JU367	JU367	FALSE	BGI1-RET7-JU367	19585604	19498568	730861	7.639
JU367	JU367	FALSE	BGI2-RET7-JU367	17866966	17787759	641558	7.811
JU367	JU367	FALSE	BGI3-RET7b-JU367	29939248	29797428	1502148	8.516
JU393	JU393	FALSE	BGI1-RET6-JU393	5042056	4997850	128258	10.143
JU393	JU393	FALSE	BGI2-RET6-JU393	15406832	15268094	642317	10.914
JU393	JU393	FALSE	BGI3-RET6b-JU393	30314057	30041210	1861507	10.416
JU394	JU394	FALSE	BGI1-RET4-JU394	9080803	8995337	349099	25.138
JU394	JU394	FALSE	BGI2-RET4-JU394	8463177	8382383	337417	27.026
JU394	JU394	FALSE	BGI3-RET4b-JU394	14880751	14742033	947860	28.046
JU394	JU394	FALSE	MMP-ML_2-JU394	4742685	4692122	40662	4.517
JU394	JU394	FALSE	MMP-ML_3-JU394	7719524	7657617	78906	4.96
JU394	JU394	FALSE	MMP-ML_5-JU394	3742102	3712636	23960	5.387
JU394	JU394	FALSE	MMP-ML_6-JU394	4783992	4738607	31021	4.71
JU394	JU394	FALSE	MMP-ML_7-JU394	8944544	8857698	70002	4.749
JU394	JU400	TRUE	Rockman-R076.2-JU400	0	0	0	NA
JU397	JU397	FALSE	BGI1-RET5-JU397	19749310	19626828	594971	9.356
JU397	JU397	FALSE	BGI2-RET5-JU397	17905865	17794363	511734	10.127
JU397	JU397	FALSE	BGI3-RET5b-JU397	34258881	34044429	1485468	8.835
JU406	JU406	FALSE	BGI1-RET6-JU406	3743966	3729533	33098	7.509
JU406	JU406	FALSE	BGI2-RET6-JU406	10619784	10579677	202383	8.962
JU406	JU406	FALSE	BGI3-RET6b-JU406	21110628	21030824	632560	8.475
JU440	JU440	FALSE	BGI1-RET3-JU440	13154493	13103772	246890	8.363
JU440	JU440	FALSE	BGI2-RET3-JU440	15078990	15020942	324229	9.458
JU440	JU440	FALSE	BGI3-RET3b-JU440	25927803	25827503	863584	8.225
JU440	JU440	FALSE	Princeton1-PL_9-JU440	18069588	17837773	129875	5.838
JU561	JU561	FALSE	BGI1-RET7-JU561	14725782	14626673	723691	9.708
JU561	JU561	FALSE	BGI2-RET7-JU561	13659767	13567343	657428	10.359
JU561	JU561	FALSE	BGI3-RET7b-JU561	24584940	24418942	1660430	10.816
JU642	JU642	FALSE	BGI1-RET4-JU642	17183449	17076142	508100	7.735
JU642	JU642	FALSE	BGI2-RET4-JU642	16148821	16047774	501146	7.908
JU642	JU642	FALSE	BGI3-RET4b-JU642	23283822	23140253	1108313	8.51
JU642	JU642	FALSE	MMP-ML_2-JU642	4632650	4556526	36542	4.716
JU642	JU642	FALSE	MMP-ML_3-JU642	7960695	7853753	75532	4.825
JU642	JU642	FALSE	MMP-ML_5-JU642	3678350	3630323	22783	4.994
JU642	JU642	FALSE	MMP-ML_6-JU642	4045260	3982445	24736	4.677
JU642	JU642	FALSE	MMP-ML_7-JU642	7592248	7475961	53487	4.579
JU642	JU642	FALSE	Princeton1-PL_18-JU642	10535640	10461140	2724020	9.247
JU642	JU642	FALSE	Princeton1-PL_19-JU642	32488491	32249932	15573358	7.455
JU751	JU751	FALSE	BGI1-RET5-JU751	18887376	18660426	515602	11.628
JU751	JU751	FALSE	BGI2-RET5-JU751	16632651	16431845	419218	12.766
JU751	JU751	FALSE	BGI3-RET5a-JU751	37440056	36988171	1717088	11.148
JU774	JU774	FALSE	BGI1-RET7-JU774	16639736	16483278	421839	8.831
JU774	JU774	FALSE	BGI2-RET7-JU774	15036002	14894156	360558	8.826
JU774	JU774	FALSE	BGI3-RET7a-JU774	29635952	29354003	1185663	9.59
JU774	JU774	FALSE	Princeton1-PL_18-JU774	12619362	12489252	2298037	7.032
JU774	JU774	FALSE	Princeton1-PL_19-JU774	20143549	19947636	4687743	5.987
JU775	JU775	FALSE	BGI1-RET2-JU775	13842521	13649537	426975	41.675
JU775	JU775	FALSE	BGI2-RET2-JU775	13519435	13331047	405255	38.551
JU775	JU775	FALSE	BGI3-RET2a-JU775	24859962	24498276	1200608	43.38
JU775	JU775	FALSE	MMP-ML_2-JU775	3674799	3595149	30858	10.275
JU775	JU775	FALSE	MMP-ML_3-JU775	5513333	5414311	51556	10.877
JU775	JU775	FALSE	MMP-ML_5-JU775	2894022	2839631	18488	12.796
JU775	JU775	FALSE	MMP-ML_6-JU775	5504080	5389658	42119	11.286
JU775	JU775	FALSE	MMP-ML_7-JU775	10205300	9994196	98461	11.362
JU775	JU775	FALSE	Princeton1-PL_9-JU775	18553367	18138948	390055	8.082
JU778	JU778	FALSE	BGI1-RET1-JU778	28433666	28030170	1728446	16.085
JU778	JU778	FALSE	BGI2-RET1-JU778	26649362	26271530	1586228	16.364
JU778	JU778	FALSE	BGI3-RET1b-JU778	52231065	51525269	4174892	13.769
JU782	JU782	FALSE	BGI1-RET2-JU782	12130104	11973777	396858	13.192
JU782	JU782	FALSE	BGI2-RET2-JU782	11615212	11463331	366290	12.563
JU782	JU782	FALSE	BGI3-RET2a-JU782	20855774	20575389	1142050	12.751
JU782	JU782	FALSE	Princeton1-PL_17-JU782	22220536	21369658	3896015	5.614
JU782	JU782	FALSE	Princeton1-PL_21-JU782	17783395	17019035	325996	5.333
JU782	JU782	FALSE	Princeton1-PL_24-JU782	34083150	31967056	933585	6.208
JU782	JU782	FALSE	UChicago-EA1-JU782	14062300	13894692	462731	9.634
JU782	JU782	FALSE	UChicago2-L007-JU782	24347392	24013033	842867	7.345
JU792	JU792	FALSE	BGI2-RET6-JU792	9831899	9765718	208796	13.489
JU792	JU792	FALSE	BGI3-RET6a-JU792	25221200	25050766	934612	11.713
JU830	JU830	FALSE	BGI1-RET3-JU830	18210703	18014468	549667	15.427
JU830	JU830	FALSE	BGI2-RET3-JU830	21387572	21155388	737295	16.773
JU830	JU830	FALSE	BGI3-RET3a-JU830	34067224	33699037	1742292	13.115
JU847	JU847	FALSE	BGI1-RET7-JU847	12320258	12115796	425331	24.493
JU847	JU847	FALSE	BGI2-RET7-JU847	11314374	11123020	384716	27.512
JU847	JU847	FALSE	BGI3-RET7a-JU847	18943312	18627584	865682	28.808
KR314	KR314	FALSE	BGI1-RET5-KR314	18612472	18452300	736657	43.073
KR314	KR314	FALSE	BGI2-RET5-KR314	16557120	16414248	629179	48.164
KR314	KR314	FALSE	BGI3-RET5b-KR314	34889617	34583804	1927742	41.969
KR314	KR314	FALSE	MMP-ML_2-KR314	4496148	4411850	39037	14.054
KR314	KR314	FALSE	MMP-ML_3-KR314	7049402	6940540	69855	15.545
KR314	KR314	FALSE	MMP-ML_5-KR314	3500352	3447381	22690	18.039
KR314	KR314	FALSE	MMP-ML_6-KR314	4837796	4752980	33730	16.245
KR314	KR314	FALSE	MMP-ML_7-KR314	9030256	8872325	76699	15.797
KR314	KR314	FALSE	Princeton1-PL_20-KR314	1897113	1877042	150489	14.987
LKC34	LKC34	FALSE	BGI1-RET3-LKC34	14482731	14399539	343376	24.47
LKC34	LKC34	FALSE	BGI2-RET3-LKC34	16407642	16312572	441709	27.641
LKC34	LKC34	FALSE	BGI3-RET3a-LKC34	27650652	27489962	1156410	20.938
LKC34	LKC34	FALSE	MMP-ML_2-LKC34	4276223	4215391	29727	5.986
LKC34	LKC34	FALSE	MMP-ML_3-LKC34	6762566	6686652	53262	6.338
LKC34	LKC34	FALSE	MMP-ML_5-LKC34	3441308	3403343	19957	6.952
LKC34	LKC34	FALSE	MMP-ML_6-LKC34	4636656	4575556	27886	6.352
LKC34	LKC34	FALSE	MMP-ML_7-LKC34	8650090	8536583	60455	6.21
LKC34	LKC34	FALSE	Princeton1-PL_9-LKC34	16799382	16464159	235489	6.3
LSJ1	LSJ1	FALSE	BGI1-RET4-LSJ1	13262208	13249166	243143	38.281
LSJ1	LSJ1	FALSE	BGI2-RET4-LSJ1	12619569	12607675	267701	41.724
LSJ1	LSJ1	FALSE	BGI3-RET4a-LSJ1	34539324	34504033	1545956	39.814
LSJ1	LSJ1	FALSE	Princeton1-PL_15-LSJ1	8490354	8483565	78163	17.553
LSJ1	LSJ1	FALSE	Princeton1-PL_16-LSJ1	38943215	38908199	892446	17.279
MY1	MY1	FALSE	BGI1-RET2-MY1	16520892	16406417	591724	17.088
MY1	MY1	FALSE	BGI2-RET2-MY1	16139811	16027106	563272	16.232
MY1	MY1	FALSE	BGI3-RET2b-MY1	26379466	26193358	1432606	18.342
MY1	MY1	FALSE	MMP-ML_2-MY1	4102664	4032702	34223	4.299
MY1	MY1	FALSE	MMP-ML_3-MY1	7035041	6938376	73051	4.35
MY1	MY1	FALSE	MMP-ML_5-MY1	3439428	3392380	26466	4.768
MY1	MY1	FALSE	MMP-ML_6-MY1	4380322	4310591	35285	4.377
MY1	MY1	FALSE	MMP-ML_7-MY1	8223740	8093868	83853	4.332
MY1	MY1	FALSE	Princeton1-PL_15-MY1	14489412	14341964	311945	8.265
MY1	MY1	FALSE	Princeton1-PL_16-MY1	60037767	59390593	3114683	6.825
MY1	MY1	TRUE	Rockman-R076.3-MY1	0	0	0	NA
MY10	MY10	FALSE	BGI1-RET3-MY10	12719933	12575033	338210	11.208
MY10	MY10	FALSE	BGI2-RET3-MY10	14505705	14335429	432818	12.391
MY10	MY10	FALSE	BGI3-RET3b-MY10	24402767	24123385	1082954	11.221
MY10	MY10	FALSE	Princeton1-PL_18-MY10	8853652	8743681	431529	7.062
MY10	MY10	FALSE	Princeton1-PL_19-MY10	17800505	17583864	1495750	6.081
MY16	MY16	FALSE	BGI1-RET2-MY16	15679106	15452872	751567	29.146
MY16	MY16	FALSE	BGI2-RET2-MY16	15270853	15050274	710598	27.981
MY16	MY16	FALSE	BGI3-RET2a-MY16	27912610	27488457	1933587	30.839
MY16	MY16	FALSE	MMP-ML_2-MY16	4243348	4161175	36963	7.789
MY16	MY16	FALSE	MMP-ML_3-MY16	7649779	7526147	81861	9.121
MY16	MY16	FALSE	MMP-ML_5-MY16	3309027	3254812	19834	9.971
MY16	MY16	FALSE	MMP-ML_6-MY16	3989434	3915933	23388	9.146
MY16	MY16	FALSE	MMP-ML_7-MY16	7550738	7411826	51492	8.734
MY16	MY16	FALSE	Princeton1-PL_22-MY16	21679678	21403026	1335080	10.54
MY16	MY16	TRUE	Rockman-R076.2-MY16	0	0	0	NA
MY16	MY16	FALSE	Rockman-R096.2-MY16	8434469	8304338	89704	13.658
MY18	MY18	FALSE	BGI1-RET7-MY18	19616065	19391889	691940	10.394
MY18	MY18	FALSE	BGI2-RET7-MY18	17653541	17448932	595391	11.458
MY18	MY18	FALSE	BGI3-RET7a-MY18	33268024	32883413	1718011	11.733
MY18	MY18	FALSE	Princeton1-PL_18-MY18	10331384	10213235	774998	6.895
MY18	MY18	FALSE	Princeton1-PL_19-MY18	26655924	26352507	4221855	5.705
MY18	MY18	FALSE	Rockman-R096.4-MY18	9772896	9644795	97546	5.97
MY18	MY6	FALSE	MMP-ML_2-MY6	4121650	4044928	32415	4.449
MY18	MY6	FALSE	MMP-ML_3-MY6	7303071	7188821	70313	4.403
MY18	MY6	FALSE	MMP-ML_5-MY6	3303564	3251473	19700	4.85
MY18	MY6	FALSE	MMP-ML_6-MY6	4087500	4014551	25141	4.682
MY18	MY6	FALSE	MMP-ML_7-MY6	7744882	7608054	57664	4.287
MY23	MY2	FALSE	MMP-ML_2-MY2	3113370	3046987	24623	5.781
MY23	MY2	FALSE	MMP-ML_3-MY2	5204176	5108159	49405	5.823
MY23	MY2	FALSE	MMP-ML_5-MY2	2807896	2756198	15780	6.426
MY23	MY2	FALSE	MMP-ML_6-MY2	5389320	5281689	34176	5.892
MY23	MY2	FALSE	MMP-ML_7-MY2	9503918	9311186	72150	5.603
MY23	MY23	FALSE	BGI1-RET1-MY23	14324052	14139930	506075	43.666
MY23	MY23	FALSE	BGI2-RET1-MY23	14161912	13979953	519475	46.486
MY23	MY23	FALSE	BGI3-RET1a-MY23	55320009	54639192	3949491	31.741
MY23	MY23	FALSE	Princeton1-PL_12-MY23	15510563	15137712	207467	6.653
MY23	MY23	FALSE	Princeton2-P-MY23	52527418	51812572	3177571	35.122
N2	ECA253	FALSE	BGI1-RET1-ECA253	13346268	13337485	409785	22.693
N2	ECA253	FALSE	BGI2-RET1-ECA253	13596092	13587243	437455	23.19
N2	ECA253	FALSE	BGI3-RET1a-ECA253	17249251	17238096	549144	17.471
N2	ECA253	FALSE	Princeton2-P-ECA253	51023159	50927762	2951352	18.151
N2	ECA254	FALSE	UChicago-EA1-ECA254	16202144	15549118	435293	7.815
N2	ECA254	FALSE	UChicago2-L007-ECA254	15093718	14505246	314023	8.015
N2	N2	FALSE	BGI1-RET6-N2	3291890	3290298	33277	15.755
N2	N2	FALSE	BGI2-RET6-N2	10552118	10546623	282303	20.098
N2	N2	FALSE	BGI3-RET6b-N2	20944099	20933207	839868	18.11
NIC1	NIC1	FALSE	BGI1-RET3-NIC1	13502097	11189397	227435	16.061
NIC1	NIC1	FALSE	BGI2-RET3-NIC1	15228660	12563095	292592	18.62
NIC1	NIC1	FALSE	BGI3-RET3a-NIC1	24216743	20157876	700476	14.349
NIC1	NIC1	FALSE	Princeton1-PL_3-NIC1	18804937	18496654	130266	9.168
NIC1	NIC1	FALSE	Princeton1-PL_4-NIC1	5825396	5773899	18767	8.359
NIC166	NIC166	FALSE	BGI1-RET5-NIC166	13055418	12463765	442429	17.422
NIC166	NIC166	FALSE	BGI2-RET5-NIC166	11741700	11201359	380606	19.287
NIC166	NIC166	FALSE	BGI3-RET5a-NIC166	22141940	21119295	1085089	17.637
NIC195	NIC195	FALSE	BGI1-RET5-NIC195	16127228	15577908	634032	23.939
NIC195	NIC195	FALSE	BGI2-RET5-NIC195	14152944	13670671	518096	24.249
NIC195	NIC195	FALSE	BGI3-RET5a-NIC195	27224044	26298132	1510857	23.218
NIC195	NIC196	FALSE	BGI1-RET2-NIC196	16556161	14787542	529647	12.636
NIC195	NIC196	FALSE	BGI2-RET2-NIC196	16084684	14394140	501904	11.838
NIC195	NIC196	FALSE	BGI3-RET2b-NIC196	31118245	27259231	1556670	13.35
NIC195	NIC197	FALSE	BGI1-RET3-NIC197	12656322	11331401	269258	20.905
NIC195	NIC197	FALSE	BGI2-RET3-NIC197	15154885	13546827	379972	23.326
NIC195	NIC197	FALSE	BGI3-RET3a-NIC197	24075367	21639633	871394	18.257
NIC195	NIC198	FALSE	BGI1-RET4-NIC198	10135479	8330311	138388	15.044
NIC195	NIC198	FALSE	BGI2-RET4-NIC198	9463714	7780328	147992	15.648
NIC195	NIC198	FALSE	BGI3-RET4a-NIC198	23152115	18781465	685796	15.479
NIC199	NIC199	FALSE	BGI1-RET6-NIC199	3796775	3741554	29183	13.066
NIC199	NIC199	FALSE	BGI2-RET6-NIC199	11876334	11693643	244545	15.315
NIC199	NIC199	FALSE	BGI3-RET6a-NIC199	31490364	31009562	1178780	13.219
NIC199	NIC200	FALSE	BGI1-RET7-NIC200	15618185	15001096	501902	12.065
NIC199	NIC200	FALSE	BGI2-RET7-NIC200	13772951	13207450	419446	14.229
NIC199	NIC200	FALSE	BGI3-RET7a-NIC200	25592813	24549344	1167365	14.716
NIC2	NIC2	FALSE	BGI1-RET2-NIC2	15628811	11710711	310389	13.429
NIC2	NIC2	FALSE	BGI2-RET2-NIC2	15369507	11567917	304973	12.856
NIC2	NIC2	FALSE	BGI3-RET2a-NIC2	35383405	25605255	1312906	13.347
NIC2	NIC2	FALSE	Princeton1-PL_5-NIC2	19513771	18730814	137805	8.608
NIC2	NIC2	FALSE	Princeton1-PL_6-NIC2	4265760	4143307	11726	7.43
NIC207	NIC207	FALSE	BGI1-RET3-NIC207	13261388	13181788	669747	86.254
NIC207	NIC207	FALSE	BGI2-RET3-NIC207	14886036	14795694	821672	97.534
NIC207	NIC207	FALSE	BGI3-RET3a-NIC207	25120117	24968181	1729047	74.125
NIC231	NIC231	FALSE	BGI1-RET4-NIC231	12934212	11780148	192965	10.1
NIC231	NIC231	FALSE	BGI2-RET4-NIC231	11589017	10553567	192101	10.78
NIC231	NIC231	FALSE	BGI3-RET4a-NIC231	29846058	26969513	1010724	10.351
NIC231	NIC232	FALSE	BGI1-RET1-NIC232	25181110	24982420	1321795	16.913
NIC231	NIC232	FALSE	BGI2-RET1-NIC232	22277449	22102851	1097606	17.35
NIC231	NIC232	FALSE	BGI3-RET1b-NIC232	42000979	41685214	2753333	14.481
NIC236	NIC236	FALSE	BGI1-RET6-NIC236	2771304	2661060	24357	9.206
NIC236	NIC236	FALSE	BGI2-RET6-NIC236	9263885	8781869	211022	10.539
NIC236	NIC236	FALSE	BGI3-RET6a-NIC236	23146618	22115908	869318	9.317
NIC236	NIC237	FALSE	BGI1-RET5-NIC237	15721478	15225509	713411	14.277
NIC236	NIC237	FALSE	BGI2-RET5-NIC237	13662837	13227311	580905	14.857
NIC236	NIC237	FALSE	BGI3-RET5a-NIC237	27019937	26160886	1695079	14.288
NIC242	NIC242	FALSE	UChicago-EA1-NIC242	13950757	13839781	456009	19.412
NIC242	NIC242	FALSE	UChicago2-L007-NIC242	21523846	21351286	647690	13.053
NIC251	NIC251	FALSE	UChicago-EA1-NIC251	17996540	17790297	608727	13.038
NIC251	NIC251	FALSE	UChicago2-L007-NIC251	18431413	18176283	478936	14.177
NIC252	NIC252	FALSE	UChicago-EA2-NIC252	13487880	13346152	334506	8.963
NIC252	NIC252	FALSE	UChicago2-L008-NIC252	14305671	14134378	317740	7.175
NIC255	NIC255	FALSE	UChicago-EA2-NIC255	13181868	13020762	316841	10.515
NIC255	NIC255	FALSE	UChicago2-L008-NIC255	18796379	18570315	476257	9.031
NIC256	NIC256	FALSE	UChicago-EA2-NIC256	11902155	11790910	291268	14.053
NIC256	NIC256	FALSE	UChicago2-L008-NIC256	15506875	15336732	389376	10.21
NIC256	NIC263	FALSE	UChicago-EA2-NIC263	10672328	10542242	268172	17.689
NIC256	NIC263	FALSE	UChicago2-L008-NIC263	14997771	14813519	406164	15.603
NIC258	NIC258	FALSE	UChicago-EA1-NIC258	14306382	14142186	503912	17.927
NIC258	NIC258	FALSE	UChicago2-L007-NIC258	22661458	22358055	737530	14.457
NIC259	NIC259	FALSE	UChicago-EA1-NIC259	12546404	12314180	380959	19.875
NIC259	NIC259	FALSE	UChicago2-L007-NIC259	15092187	14802437	378397	14.405
NIC260	NIC260	FALSE	UChicago-EA2-NIC260	15253015	15111359	417605	11.608
NIC260	NIC260	FALSE	UChicago2-L008-NIC260	23319158	23062430	681948	9.276
NIC261	NIC261	FALSE	UChicago-EA1-NIC261	16633568	16446904	657615	16.348
NIC261	NIC261	FALSE	UChicago2-L007-NIC261	25977011	25654270	937228	11.761
NIC262	NIC262	FALSE	UChicago-EA1-NIC262	11761673	11486289	382270	15.514
NIC262	NIC262	FALSE	UChicago2-L007-NIC262	20920969	20484082	668425	10.717
NIC265	NIC265	FALSE	UChicago-EA2-NIC265	12445739	12173367	321778	8.258
NIC265	NIC265	FALSE	UChicago2-L008-NIC265	15755932	15424608	435424	7.408
NIC266	NIC266	FALSE	UChicago-EA2-NIC266	13643135	13523141	356821	31.138
NIC266	NIC266	FALSE	UChicago2-L008-NIC266	19991968	19789209	563036	26.853
NIC267	NIC267	FALSE	UChicago-EA2-NIC267	14062939	13986186	371735	9.324
NIC267	NIC267	FALSE	UChicago2-L008-NIC267	28010972	27852032	918611	5.896
NIC267	NIC270	FALSE	UChicago-EA2-NIC270	15348945	15256394	395513	8.366
NIC267	NIC270	FALSE	UChicago2-L008-NIC270	20563521	20436148	537644	6.757
NIC268	NIC268	FALSE	UChicago-EA2-NIC268	16134800	15926409	474112	12.582
NIC268	NIC268	FALSE	UChicago2-L008-NIC268	22996971	22708911	729052	9.91
NIC269	NIC269	FALSE	UChicago-EA1-NIC269	18861865	18633940	621847	16.517
NIC269	NIC269	FALSE	UChicago2-L007-NIC269	27203443	26855038	804594	10.334
NIC271	NIC271	FALSE	UChicago-EA2-NIC271	13409575	13284373	363091	17.784
NIC271	NIC271	FALSE	UChicago2-L008-NIC271	20962399	20739752	606972	12.746
NIC272	NIC272	FALSE	UChicago-EA2-NIC272	15107421	14728431	424294	10.605
NIC272	NIC272	FALSE	UChicago2-L008-NIC272	23332519	22774892	724095	7.133
NIC272	NIC273	FALSE	UChicago-EA1-NIC273	15405061	15223755	424088	6.679
NIC272	NIC273	FALSE	UChicago2-L007-NIC273	13300872	13124619	258218	8.009
NIC274	NIC274	FALSE	UChicago-EA1-NIC274	18714961	16107212	490146	3.771
NIC274	NIC274	FALSE	UChicago2-L007-NIC274	13569486	11613364	238022	4.604
NIC275	NIC275	FALSE	UChicago-EA1-NIC275	9637921	9543610	296184	23.382
NIC275	NIC275	FALSE	UChicago2-L007-NIC275	19004050	18800192	598587	18.057
NIC276	NIC276	FALSE	UChicago-EA2-NIC276	12370713	12206807	348855	9.656
NIC276	NIC276	FALSE	UChicago2-L008-NIC276	14010341	13853243	355095	7.51
NIC277	NIC277	FALSE	UChicago-EA2-NIC277	14674703	14584649	441460	12.492
NIC277	NIC277	FALSE	UChicago2-L008-NIC277	20989087	20851526	666680	10.558
NIC3	NIC3	FALSE	BGI1-RET3-NIC3	14423642	8003459	134250	4.277
NIC3	NIC3	FALSE	BGI2-RET3-NIC3	16669059	9161461	179882	4.765
NIC3	NIC3	FALSE	BGI3-RET3a-NIC3	29663270	16651983	548615	3.831
NIC3	NIC3	FALSE	Princeton1-PL_5-NIC3	25381877	24491124	272578	6.043
NIC3	NIC3	FALSE	Princeton1-PL_6-NIC3	5045006	4908697	16602	5.382
NIC3	NIC4	FALSE	BGI1-RET4-NIC4	5981635	5032027	69383	13.902
NIC3	NIC4	FALSE	BGI2-RET4-NIC4	5600789	4707127	77892	14.444
NIC3	NIC4	FALSE	BGI3-RET4a-NIC4	14756118	12265460	417554	15.441
NIC3	NIC4	FALSE	Princeton1-PL_7-NIC4	21351174	20658614	162742	6.384
NIC3	NIC4	FALSE	Princeton1-PL_8-NIC4	7824788	7623393	29978	5.666
PB303	PB303	FALSE	BGI1-RET6-PB303	4633142	4598553	63912	36.259
PB303	PB303	FALSE	BGI2-RET6-PB303	14447101	14333469	452159	49.904
PB303	PB303	FALSE	BGI3-RET6b-PB303	27453094	27239997	1216595	45.085
PB303	PB303	FALSE	Princeton1-PL_22-PB303	25012105	24805889	878416	21.58
PB306	ECA259	FALSE	BGI1-RET2-ECA259	12534851	12429037	305277	20.099
PB306	ECA259	FALSE	BGI2-RET2-ECA259	12245053	12140100	290900	18.803
PB306	ECA259	FALSE	BGI3-RET2a-ECA259	21177180	20989370	813943	21.277
PB306	ECA259	FALSE	Princeton1-PL_9-ECA259	14765021	14319619	258013	5.563
PS2025	PS2025	FALSE	BGI1-RET7-PS2025	15902114	15703679	396077	10.221
PS2025	PS2025	FALSE	BGI2-RET7-PS2025	13597679	13428356	314374	9.983
PS2025	PS2025	FALSE	BGI3-RET7a-PS2025	24866234	24555159	844510	11.569
PS2025	PS2025	FALSE	Princeton1-PL_22-PS2025	12504491	12330771	380005	9.299
PX179	PX179	FALSE	BGI1-RET6-PX179	3026851	3018228	20247	10.919
PX179	PX179	FALSE	BGI2-RET6-PX179	9654452	9626112	173256	14.009
PX179	PX179	FALSE	BGI3-RET6a-PX179	24998711	24923923	819498	12.171
PX179	PX179	FALSE	Princeton1-PL_18-PX179	13405900	13362540	2556586	7.836
PX179	PX179	FALSE	Princeton1-PL_19-PX179	28232547	28141477	8792515	6.638
PX179	PX179	FALSE	Rockman-R096.2-PX179	12306361	12239693	201583	7.343
QG2075	QG2075	FALSE	UChicago-EA1-QG2075	14714076	14564073	459131	16.63
QG2075	QG2075	FALSE	UChicago2-L007-QG2075	14488186	14312865	363624	21.274
QG536	QG536	FALSE	BGI1-RET5-QG536	12300240	12177536	410532	10.162
QG536	QG536	FALSE	BGI2-RET5-QG536	11220581	11108447	353938	11.221
QG536	QG536	FALSE	BGI3-RET5b-QG536	26660124	26393227	1299338	10.368
QG536	QG536	FALSE	Princeton1-PL_7-QG536	20575623	20136013	154315	6.481
QG536	QG536	FALSE	Princeton1-PL_8-QG536	6538296	6443531	23316	5.801
QG536	QG537	FALSE	BGI1-RET7-QG537	18119049	17961086	622035	7.145
QG536	QG537	FALSE	BGI2-RET7-QG537	16953069	16805049	569147	7.582
QG536	QG537	FALSE	BGI3-RET7b-QG537	30140070	29881683	1515011	8.018
QG536	QG537	FALSE	Princeton1-PL_21-QG537	30137881	29752047	14446966	5.15
QG536	QG537	FALSE	Princeton1-PL_7-QG537	19775716	19360234	186028	6
QG536	QG537	FALSE	Princeton1-PL_8-QG537	5976580	5894321	24186	5.216
QG536	QG538	FALSE	BGI1-RET6-QG538	4107786	4072269	52496	13.559
QG536	QG538	FALSE	BGI2-RET6-QG538	12222226	12115397	348150	15.513
QG536	QG538	FALSE	BGI3-RET6b-QG538	24450042	24236457	1058491	15.232
QG536	QG538	FALSE	Princeton1-PL_3-QG538	11818309	11444566	156708	6.611
QG536	QG538	FALSE	Princeton1-PL_4-QG538	3116671	3066891	14726	6.287
QG556	QG556	FALSE	BGI1-RET2-QG556	14184996	14017036	436704	52.711
QG556	QG556	FALSE	BGI2-RET2-QG556	13842987	13677313	412031	50.242
QG556	QG556	FALSE	BGI3-RET2a-QG556	29329436	28970679	1701159	56.931
QG556	QG558	FALSE	BGI1-RET7-QG558	11640186	11504916	274191	45.495
QG556	QG558	FALSE	BGI2-RET7-QG558	10071257	9954765	232227	50.855
QG556	QG558	FALSE	BGI3-RET7a-QG558	18035782	17826629	598225	55.184
QG557	QG557	FALSE	BGI1-RET1-QG557	16174183	16025578	802009	46.985
QG557	QG557	FALSE	BGI2-RET1-QG557	14821880	14684324	709840	47.915
QG557	QG557	FALSE	BGI3-RET1b-QG557	28458451	28203551	1770828	40.347
QW947	QW947	FALSE	UChicago-EA2-QW947	12226509	11954078	293400	10.019
QW947	QW947	FALSE	UChicago2-L008-QW947	23361270	22856348	721047	7.081
QX1211	QX1211	FALSE	BGI1-RET3-QX1211	18219941	17864963	1055461	34.238
QX1211	QX1211	FALSE	BGI2-RET3-QX1211	22302529	21865341	1415266	36.924
QX1211	QX1211	FALSE	BGI3-RET3a-QX1211	36741876	36014066	2951488	29.438
QX1211	QX1211	FALSE	Princeton1-PL_1-QX1211	35472593	34689713	559918	9.757
QX1211	QX1211	FALSE	Rockman-R106.4-QX1211	61156234	59610194	7253428	21.323
QX1211	QX1215	FALSE	BGI1-RET3-QX1215	15836597	15522482	637221	25.839
QX1211	QX1215	FALSE	BGI2-RET3-QX1215	18473088	18104314	827428	29.254
QX1211	QX1215	FALSE	BGI3-RET3b-QX1215	27092507	26548393	1540345	24.672
QX1211	QX1215	FALSE	Princeton1-PL_7-QX1215	21546477	20822065	283787	16.897
QX1211	QX1215	FALSE	Princeton1-PL_8-QX1215	7114781	6924601	40719	14.444
QX1211	QX1216	FALSE	BGI1-RET7-QX1216	18400846	18023144	859814	24.31
QX1211	QX1216	FALSE	BGI2-RET7-QX1216	16903845	16555946	775257	27.126
QX1211	QX1216	FALSE	BGI3-RET7b-QX1216	30322126	29705507	1978860	28.279
QX1212	QX1212	FALSE	BGI1-RET4-QX1212	12372237	12247252	227733	42.845
QX1212	QX1212	FALSE	BGI2-RET4-QX1212	10410665	10304932	202747	43.964
QX1212	QX1212	FALSE	BGI3-RET4a-QX1212	33965764	33619851	1465857	42.616
QX1212	QX1212	FALSE	Princeton1-PL_5-QX1212	22396518	21843910	303399	64.534
QX1212	QX1212	FALSE	Princeton1-PL_6-QX1212	5232713	5152171	30259	53.001
QX1212	QX1213	FALSE	BGI1-RET5-QX1213	17938626	17750111	835739	96.913
QX1212	QX1213	FALSE	BGI2-RET5-QX1213	15543099	15378653	687251	99.592
QX1212	QX1213	FALSE	BGI3-RET5b-QX1213	29366037	29050356	1725082	95.495
QX1212	QX1213	FALSE	Princeton1-PL_5-QX1213	21332186	20684337	250547	62.241
QX1212	QX1213	FALSE	Princeton1-PL_6-QX1213	4338872	4266732	19173	48.848
QX1212	QX1214	FALSE	BGI1-RET6-QX1214	2741293	2711002	22896	41.845
QX1212	QX1214	FALSE	BGI2-RET6-QX1214	10178155	10064979	272549	59.817
QX1212	QX1214	FALSE	BGI3-RET6a-QX1214	25762282	25472644	1086407	51.714
QX1212	QX1214	FALSE	Princeton1-PL_21-QX1214	30917756	30517025	11715527	44.261
QX1212	QX1214	FALSE	Princeton1-PL_7-QX1214	15963407	15573935	122983	48.267
QX1212	QX1214	FALSE	Princeton1-PL_8-QX1214	5118469	5039781	21285	43.172
QX1233	QX1233	FALSE	BGI1-RET4-QX1233	18253639	18098844	524669	19.535
QX1233	QX1233	FALSE	BGI2-RET4-QX1233	17256448	17107465	530832	19.608
QX1233	QX1233	FALSE	BGI3-RET4b-QX1233	30970675	30701696	1605786	21.58
QX1233	QX1233	FALSE	Princeton1-PL_22-QX1233	9756617	9662385	527863	9.235
QX1791	QX1791	FALSE	BGI1-RET2-QX1791	21901427	21535892	655620	7.869
QX1791	QX1791	FALSE	BGI2-RET2-QX1791	21617645	21253614	636980	7.435
QX1791	QX1791	FALSE	BGI3-RET2b-QX1791	25686582	25251288	950456	8.433
QX1791	QX1791	FALSE	Princeton1-PL_3-QX1791	17563146	16958617	121834	6.839
QX1791	QX1791	FALSE	Princeton1-PL_4-QX1791	5661367	5532680	19405	6.598
QX1792	QX1792	FALSE	BGI1-RET2-QX1792	12380184	12233404	363410	25.052
QX1792	QX1792	FALSE	BGI2-RET2-QX1792	12228777	12082705	352329	23.826
QX1792	QX1792	FALSE	BGI3-RET2b-QX1792	18670674	18443644	855190	26.687
QX1792	QX1792	FALSE	Princeton1-PL_5-QX1792	23391787	22704117	240713	7.809
QX1792	QX1792	FALSE	Princeton1-PL_6-QX1792	5487511	5395707	22410	7.206
QX1792	QX1792	FALSE	UChicago-EA1-QX1792	18703914	18504631	623708	9.449
QX1792	QX1792	FALSE	UChicago2-L007-QX1792	20659849	20400640	560891	7.594
QX1793	QX1793	FALSE	BGI1-RET2-QX1793	15440058	15245869	499275	14.124
QX1793	QX1793	FALSE	BGI2-RET2-QX1793	14177343	13998557	429297	12.323
QX1793	QX1793	FALSE	BGI3-RET2b-QX1793	18845655	18591188	920354	14.455
QX1793	QX1793	FALSE	Princeton1-PL_7-QX1793	13110061	12701669	155210	8.4
QX1793	QX1793	FALSE	Princeton1-PL_8-QX1793	3888993	3817413	18078	7.533
QX1794	QX1794	FALSE	BGI1-RET2-QX1794	27370535	26911446	1227793	32.955
QX1794	QX1794	FALSE	BGI2-RET2-QX1794	26800547	26346035	1168583	30.597
QX1794	QX1794	FALSE	BGI3-RET2b-QX1794	36170827	35538736	2164482	35.223
RC301	PX174	FALSE	MMP-ML_2-PX174	4312118	4244464	41028	14.657
RC301	PX174	FALSE	MMP-ML_3-PX174	6701336	6615413	74924	15.721
RC301	PX174	FALSE	MMP-ML_5-PX174	3311332	3269885	20491	18.325
RC301	PX174	FALSE	MMP-ML_6-PX174	5215569	5139644	34829	16.216
RC301	PX174	FALSE	MMP-ML_7-PX174	9670566	9530010	78759	16.103
RC301	PX174	TRUE	Rockman-R083.8-PX174	0	0	0	NA
RC301	RC301	FALSE	BGI1-RET5-RC301	10108987	10040489	309437	49.696
RC301	RC301	FALSE	BGI2-RET5-RC301	8867429	8807123	264033	54.818
RC301	RC301	FALSE	BGI3-RET5a-RC301	18371509	18249153	812775	47.771
RC301	RC301	FALSE	Princeton1-PL_18-RC301	8237082	8170670	1083210	20.22
RC301	RC301	FALSE	Princeton1-PL_19-RC301	26079025	25879276	7896135	19.167
RC301	RC301	TRUE	Rockman-R076.3-RC301	0	0	0	NA
RC301	RC301	TRUE	Rockman-R076.4-RC301	0	0	0	NA
WN2001	WN2001	FALSE	BGI1-RET6-WN2001	4555291	4509768	41941	10.412
WN2001	WN2001	FALSE	BGI2-RET6-WN2001	12517334	12387502	238169	12.774
WN2001	WN2001	FALSE	BGI3-RET6b-WN2001	23948905	23705435	781433	11.787
WN2001	WN2001	FALSE	Princeton1-PL_3-WN2001	17975587	17537995	106117	7.212
WN2001	WN2001	FALSE	Princeton1-PL_4-WN2001	5468904	5388554	15690	6.978
WN2001	WN2010	FALSE	BGI1-RET7-WN2010	14615569	14438777	330522	17.696
WN2001	WN2010	FALSE	BGI2-RET7-WN2010	13181103	13019101	282610	19.455
WN2001	WN2010	FALSE	BGI3-RET7b-WN2010	24965843	24657387	901434	19.864
WN2001	WN2011	FALSE	BGI1-RET5-WN2011	15284451	15108918	456671	27.288
WN2001	WN2011	FALSE	BGI2-RET5-WN2011	13756292	13597082	391591	30.471
WN2001	WN2011	FALSE	BGI3-RET5b-WN2011	30370993	30019149	1390116	26.769
WN2001	WN2013	FALSE	BGI1-RET7-WN2013	19124810	18906056	522071	19.266
WN2001	WN2013	FALSE	BGI2-RET7-WN2013	15062743	14887421	365355	22
WN2001	WN2013	FALSE	BGI3-RET7b-WN2013	29321939	28979898	1201072	22.958
WN2001	WN2014	FALSE	BGI1-RET4-WN2014	12256194	12124736	202501	15.2
WN2001	WN2014	FALSE	BGI2-RET4-WN2014	11505521	11381825	217405	16.125
WN2001	WN2014	FALSE	BGI3-RET4b-WN2014	24804531	24533097	891604	16.867
WN2001	WN2016	FALSE	BGI1-RET7-WN2016	19497069	19270567	583072	8.625
WN2001	WN2016	FALSE	BGI2-RET7-WN2016	17475932	17270152	488952	9.142
WN2001	WN2016	FALSE	BGI3-RET7b-WN2016	36824340	36392897	1771571	9.851
WN2001	WN2017	FALSE	BGI1-RET6-WN2017	7313110	7194774	107312	15.051
WN2001	WN2017	FALSE	BGI2-RET6-WN2017	18267264	17927360	492485	19.439
WN2001	WN2017	FALSE	BGI3-RET6b-WN2017	41677240	40959347	2158323	18.033
WN2001	WN2018	FALSE	BGI1-RET5-WN2018	13390150	13152265	342926	23.608
WN2001	WN2018	FALSE	BGI2-RET5-WN2018	11560710	11351809	272754	24.355
WN2001	WN2018	FALSE	BGI3-RET5b-WN2018	24293742	23869823	909945	22.838
WN2001	WN2019	FALSE	BGI1-RET7-WN2019	16873382	16653617	437938	11.166
WN2001	WN2019	FALSE	BGI2-RET7-WN2019	15111656	14913178	371050	11.962
WN2001	WN2019	FALSE	BGI3-RET7b-WN2019	29305839	28914108	1128392	12.378
WN2001	WN2020	FALSE	BGI1-RET7-WN2020	14867946	14669837	321736	18.155
WN2001	WN2020	FALSE	BGI2-RET7-WN2020	12976106	12801034	257936	20.011
WN2001	WN2020	FALSE	BGI3-RET7b-WN2020	24113640	23778759	788135	21.316
WN2001	WN2021	FALSE	BGI3-RET1b-WN2021	28525747	28147839	1349759	20.881
WN2002	WN2002	FALSE	BGI1-RET5-WN2002	15718846	15592024	427392	10.374
WN2002	WN2002	FALSE	BGI2-RET5-WN2002	13943571	13830822	352906	11.763
WN2002	WN2002	FALSE	BGI3-RET5b-WN2002	26183543	25968604	982716	10.49
